acc,se,sp,auc
0.8804347826086957,0.8260869565217391,0.9130434782608695,0.9296786389413989
fpr
0.0,0.0,0.0,0.014492753623188406,0.014492753623188406,0.028985507246376812,0.028985507246376812,0.043478260869565216,0.043478260869565216,0.057971014492753624,0.057971014492753624,0.07246376811594203,0.07246376811594203,0.08695652173913043,0.08695652173913043,0.11594202898550725,0.11594202898550725,0.14492753623188406,0.14492753623188406,0.15942028985507245,0.15942028985507245,0.17391304347826086,0.17391304347826086,0.2608695652173913,0.2608695652173913,0.2898550724637681,0.2898550724637681,0.30434782608695654,0.30434782608695654,0.3333333333333333,0.3333333333333333,0.34782608695652173,0.34782608695652173,0.4057971014492754,0.4057971014492754,0.5652173913043478,0.5652173913043478,1.0
tpr
0.0,0.008695652173913044,0.33043478260869563,0.33043478260869563,0.40869565217391307,0.40869565217391307,0.5043478260869565,0.5043478260869565,0.5565217391304348,0.5565217391304348,0.6434782608695652,0.6434782608695652,0.6956521739130435,0.6956521739130435,0.7565217391304347,0.7565217391304347,0.8521739130434782,0.8521739130434782,0.8956521739130435,0.8956521739130435,0.9043478260869565,0.9043478260869565,0.9130434782608695,0.9130434782608695,0.9304347826086956,0.9304347826086956,0.9391304347826087,0.9391304347826087,0.9565217391304348,0.9565217391304348,0.9652173913043478,0.9652173913043478,0.9826086956521739,0.9826086956521739,0.991304347826087,0.991304347826087,1.0,1.0
train_acc
0.4972677595628415,0.546448087431694,0.546448087431694,0.5478142076502732,0.546448087431694,0.5669398907103825,0.6693989071038251,0.7336065573770492,0.7431693989071039,0.7459016393442623,0.6297814207650273,0.7718579234972678,0.7459016393442623,0.7745901639344263,0.7937158469945356,0.7800546448087432,0.7923497267759563,0.8155737704918032,0.7909836065573771,0.819672131147541,0.8155737704918032,0.825136612021858,0.8237704918032787,0.8319672131147541,0.8224043715846995,0.8333333333333334,0.8387978142076503,0.8306010928961749,0.825136612021858,0.8319672131147541,0.8524590163934426,0.8442622950819673,0.837431693989071,0.8360655737704918,0.8442622950819673,0.8538251366120219,0.842896174863388,0.8387978142076503,0.8633879781420765,0.8387978142076503,0.8565573770491803,0.860655737704918,0.860655737704918,0.8633879781420765,0.8442622950819673,0.8319672131147541,0.8565573770491803,0.8620218579234973,0.8688524590163934,0.8579234972677595,0.8579234972677595,0.8702185792349727,0.8647540983606558,0.8729508196721312,0.8469945355191257,0.8483606557377049,0.8784153005464481,0.8797814207650273,0.8237704918032787,0.8647540983606558,0.8565573770491803,0.8770491803278688,0.8743169398907104,0.7950819672131147,0.8961748633879781,0.8975409836065574,0.889344262295082,0.8715846994535519,0.894808743169399,0.8838797814207651,0.9043715846994536,0.8852459016393442,0.894808743169399,0.8674863387978142,0.825136612021858,0.8975409836065574,0.8838797814207651,0.9098360655737705,0.8961748633879781,0.8811475409836066,0.8879781420765027,0.8852459016393442,0.9043715846994536,0.9002732240437158,0.9030054644808743,0.8674863387978142,0.8961748633879781,0.924863387978142,0.9084699453551912,0.889344262295082,0.8852459016393442,0.924863387978142,0.930327868852459,0.9316939890710383,0.8469945355191257,0.9139344262295082,0.9467213114754098,0.9439890710382514,0.9398907103825137,0.8743169398907104,0.8934426229508197,0.9385245901639344,0.9467213114754098,0.9480874316939891,0.9453551912568307,0.8674863387978142,0.9330601092896175,0.9330601092896175,0.9576502732240437,0.9467213114754098,0.924863387978142,0.9617486338797814,0.9699453551912568,0.9672131147540983,0.9221311475409836,0.8688524590163934,0.9562841530054644,0.9754098360655737,0.9726775956284153,0.9685792349726776,0.9221311475409836,0.9112021857923497,0.9576502732240437,0.9781420765027322,0.9808743169398907,0.9644808743169399,0.9084699453551912,0.9603825136612022,0.9699453551912568,0.9808743169398907,0.9795081967213115,0.9849726775956285,0.9726775956284153,0.9877049180327869,0.9644808743169399,0.9262295081967213,0.9426229508196722,0.9849726775956285,0.9890710382513661,0.9877049180327869,0.9931693989071039,0.9959016393442623,0.9877049180327869,0.9918032786885246,0.9986338797814208,0.9918032786885246,0.9836065573770492,0.9166666666666666,0.9562841530054644,0.994535519125683,0.9931693989071039,0.994535519125683,0.9904371584699454,0.994535519125683,1.0,0.9986338797814208,0.9972677595628415,0.994535519125683,0.9918032786885246,0.9972677595628415,0.9972677595628415,0.9754098360655737,0.842896174863388,0.9603825136612022,0.9918032786885246,0.9972677595628415,0.9972677595628415,0.9972677595628415,0.9972677595628415,0.9931693989071039,1.0,0.9918032786885246,0.994535519125683,0.9986338797814208,0.9931693989071039,1.0,0.9986338797814208,1.0,0.9959016393442623,1.0,0.9986338797814208,0.9959016393442623,0.9972677595628415,0.9959016393442623,1.0,1.0,0.9959016393442623,0.9986338797814208,1.0,0.9986338797814208,0.994535519125683,1.0,0.9959016393442623,0.9986338797814208,1.0,1.0,1.0,1.0,1.0,1.0,1.0,0.9986338797814208,0.9986338797814208,0.9972677595628415,0.9959016393442623,0.9972677595628415,0.9986338797814208,0.9986338797814208,1.0,1.0,1.0,1.0,1.0,1.0,1.0,1.0,0.9986338797814208,1.0,0.9986338797814208,1.0,0.9986338797814208,1.0,1.0,1.0,1.0,1.0,1.0,1.0,0.9986338797814208,1.0,1.0,0.9986338797814208,1.0,1.0,1.0,1.0,0.9986338797814208,1.0,1.0,1.0,1.0,1.0,1.0,0.9986338797814208,1.0,1.0,1.0,1.0,1.0,0.9986338797814208,1.0,0.9986338797814208,1.0,1.0,1.0,1.0,1.0,0.9972677595628415,0.9986338797814208,0.9986338797814208,1.0,1.0,1.0,1.0,0.9972677595628415,0.9986338797814208,1.0,1.0,1.0,1.0,1.0,1.0,1.0,0.9986338797814208,1.0,1.0,1.0,1.0,1.0,1.0,1.0,1.0,1.0,1.0,1.0,1.0,0.9986338797814208,0.9972677595628415,1.0,0.9986338797814208,0.9986338797814208,1.0,1.0,1.0,1.0,1.0,1.0,1.0,1.0,1.0
train_loss
0.006885850445820334,0.00282466843154261,0.002798091029860283,0.002779300177032179,0.002754348223326636,0.002711985850594734,0.002653881581754632,0.0025624799760964397,0.0024459875020824496,0.002333059581251092,0.0027749987899279983,0.0023377421286588157,0.0022156533322047665,0.002127479212205918,0.001992758872404776,0.0019519385662886614,0.0019165516876783527,0.0018675642016806888,0.0019252181786005614,0.0017753752365789778,0.0018322926645721895,0.0017496233022278123,0.0017176473645564637,0.0017298636703543325,0.0017001337366677374,0.0016667897421154168,0.001658792785608052,0.0017539274578537447,0.0017848179721441425,0.0016805486845188453,0.0015697667751807332,0.0015770179407844126,0.0015416807327114168,0.0016455699592991604,0.001576007674626314,0.0015298295867899076,0.001574246324802357,0.0015863611317071759,0.0014838680543534744,0.0016048283524851981,0.001458899611658086,0.0014661935264946985,0.0014516949002208606,0.0014226781458802561,0.0014756728228324098,0.0016107383728678761,0.0014986958090073424,0.001421174635001219,0.0013768119645900414,0.0014043615652563793,0.001453991266873365,0.0013048295847705154,0.0013271948027480495,0.0013380042923604204,0.0013735425846824229,0.001499202367060823,0.001291587623090692,0.0012021865186795512,0.0015900534847395017,0.001289279449507187,0.0013172542625437668,0.001223365832221964,0.0012226303011341824,0.0017994222908072133,0.0012090083598439159,0.0011622676921021092,0.0011361332335433022,0.0013319614643607634,0.0011133804428772847,0.0011786097060135804,0.0010658524156919593,0.001064096765765727,0.0010049582504835285,0.001296451427246052,0.001579978508376033,0.001061199059903296,0.0011401517835796856,0.0009321018117047398,0.001004510971366382,0.0011606709064681674,0.0011431227127710979,0.0011127384308257389,0.0009787727167697552,0.0010248384148371025,0.0009927953201564934,0.0011652244733330983,0.0009615425162953757,0.0008767215036303619,0.0008760989526581895,0.0011154837254943744,0.0010456439372294587,0.0007740693991301489,0.000721002048482009,0.0007627347453695828,0.001352993679828331,0.0008425698335704908,0.0006409687259809567,0.000664854127038372,0.0006334900326741849,0.0012371684399133172,0.0009846975772432943,0.0006416721951440383,0.0006477051908201207,0.0005731759949134347,0.000652271063357103,0.001193764899434939,0.0007273786869205413,0.0007048527114704007,0.0005343552841677692,0.0005849677397579443,0.0007184599958808044,0.0004932818415223575,0.000437645608040153,0.00043824731367207617,0.0007556127231629168,0.0011917878695524456,0.0005168667765425854,0.0004291560175151773,0.00040416361489256875,0.00041650953229333535,0.0007160817339120667,0.0007566542776881671,0.0005168255947815265,0.00033927758738317126,0.00028945058278861594,0.00039455499194684577,0.0008381024878370306,0.000479908354702543,0.0003175253221571771,0.0002762940585043261,0.0002932925937605686,0.00026581121374511977,0.0003333444620579318,0.0002565054436687563,0.00039526527045203035,0.0006892252815225737,0.000509244700272878,0.00025081632994726055,0.0002118603535037223,0.00020293102604769617,0.00018165637153745348,0.00016533793077442815,0.00017892818165118576,0.00015511545428975685,0.00013044622568973425,0.00016676850840856468,0.0002399454850072418,0.0007948510735575619,0.0004540093019197547,0.00016767607971293028,0.00014357508002408865,0.00013215532475481918,0.00013823489419342391,0.00013478834670586665,0.00010666679692724364,0.00012914211708095556,0.00010661949032072813,0.0001135134733602649,0.00011573904422951526,8.573708292402206e-05,0.00010945225551805861,0.0002875286230786902,0.0016406350285629106,0.0005301748163224569,0.00022256046106092266,0.00017538056530750514,0.00013988946508514425,0.00012883272968599053,0.00011105185293190466,0.00011380564655518271,8.626643547920581e-05,0.000135142473208774,0.00011251603197204611,8.310750635758123e-05,0.00011429907448711942,6.271420616676898e-05,6.476213616100165e-05,6.374241300741505e-05,7.945160468012258e-05,6.32669143073383e-05,6.320560096554418e-05,7.777953841036461e-05,6.895664636595327e-05,8.37214718588063e-05,4.395257358444356e-05,4.8715117402741165e-05,8.132681759491644e-05,5.8076984396642025e-05,3.9406997390864976e-05,4.037547108457714e-05,6.546716007297156e-05,4.397318418560132e-05,5.681595581843227e-05,5.478505681324852e-05,4.302866087686983e-05,4.2445687933372015e-05,5.0613347471493186e-05,4.110013228927642e-05,3.383882773806e-05,3.5073208022109474e-05,3.622568471998465e-05,3.5778340079460315e-05,4.906114636121389e-05,4.112355721493562e-05,6.091882235528341e-05,3.810013998096269e-05,3.932397481807268e-05,4.11164170751969e-05,2.350804683513166e-05,3.239177574551171e-05,2.568241850030227e-05,2.6832568800188804e-05,2.7530459570062292e-05,2.554211004693163e-05,2.391663217112992e-05,2.0738483070716506e-05,3.712052095152153e-05,2.784396030639853e-05,2.782470852014471e-05,2.16739266204948e-05,3.76599004919656e-05,1.9317598443457988e-05,2.721511527305581e-05,2.7788723462714197e-05,2.30822479352355e-05,2.1020822033611803e-05,1.7951561336512447e-05,2.0555936848449575e-05,3.4695064338545e-05,2.627044119694031e-05,2.7889901736517097e-05,2.364465226342932e-05,1.942102168813918e-05,2.1093694208179666e-05,3.0603879411282434e-05,1.8804223096008347e-05,2.80243741562132e-05,2.5047184619543658e-05,2.1529418309448197e-05,1.8020506561453876e-05,1.4897053895894785e-05,1.4353946838629702e-05,1.744246377502797e-05,1.9794514166099614e-05,1.4411757224305568e-05,1.5914981200008606e-05,1.7380841900823548e-05,1.7309355577504862e-05,1.035717123854763e-05,2.165525341202897e-05,1.2897966172586862e-05,2.3538945242762566e-05,1.547097093603813e-05,2.402473811080547e-05,1.219760110001258e-05,2.070210105612304e-05,1.8507058673685855e-05,2.768893390283233e-05,3.1281228284122516e-05,1.708889422083243e-05,1.6266212269378815e-05,1.039064541469262e-05,1.5076523063999545e-05,1.3007180602416966e-05,2.4359386994457637e-05,1.9417232146761457e-05,1.4278608631301936e-05,1.1645730768070847e-05,1.0871890769467327e-05,9.674140439200841e-06,1.0877525779963192e-05,1.256700631872308e-05,1.1388984091498486e-05,2.0884557581338728e-05,1.6284401686302298e-05,9.575710489409543e-06,1.2149594729267509e-05,1.0071829491920891e-05,1.4887411462886087e-05,1.3384319488162714e-05,9.212479099651666e-06,1.0309946377217118e-05,9.060684652602086e-06,1.0517651668133958e-05,1.933630632206065e-05,1.0700123460932833e-05,1.322737095948777e-05,2.7921893684794017e-05,1.1944432445175824e-05,1.4765617498731027e-05,2.1418536850378487e-05,1.2162012045521066e-05,1.0562911782352651e-05,9.474292069246046e-06,1.38314243004011e-05,7.716590243447673e-06,1.0287706597703076e-05,1.0745768127403136e-05,6.885220719084062e-06,1.2840598546823517e-05
test_acc
0.625,0.625,0.625,0.625,0.6304347826086957,0.6684782608695652,0.717391304347826,0.7663043478260869,0.7608695652173914,0.625,0.7663043478260869,0.7989130434782609,0.7880434782608695,0.8097826086956522,0.717391304347826,0.7934782608695652,0.8206521739130435,0.8369565217391305,0.8586956521739131,0.842391304347826,0.8315217391304348,0.8206521739130435,0.842391304347826,0.842391304347826,0.8260869565217391,0.8478260869565217,0.8315217391304348,0.7989130434782609,0.8315217391304348,0.8152173913043478,0.8478260869565217,0.8641304347826086,0.8369565217391305,0.8586956521739131,0.8315217391304348,0.8478260869565217,0.8532608695652174,0.8641304347826086,0.8532608695652174,0.842391304347826,0.8695652173913043,0.8695652173913043,0.8478260869565217,0.8369565217391305,0.842391304347826,0.8695652173913043,0.8586956521739131,0.8369565217391305,0.842391304347826,0.8586956521739131,0.8369565217391305,0.842391304347826,0.8532608695652174,0.8315217391304348,0.8206521739130435,0.8478260869565217,0.8641304347826086,0.8043478260869565,0.8478260869565217,0.8369565217391305,0.8586956521739131,0.8695652173913043,0.7663043478260869,0.8804347826086957,0.8641304347826086,0.8695652173913043,0.842391304347826,0.8532608695652174,0.8369565217391305,0.8532608695652174,0.8315217391304348,0.8641304347826086,0.8369565217391305,0.7989130434782609,0.842391304347826,0.8478260869565217,0.842391304347826,0.8478260869565217,0.8152173913043478,0.8206521739130435,0.8206521739130435,0.8043478260869565,0.8532608695652174,0.8260869565217391,0.842391304347826,0.8043478260869565,0.8586956521739131,0.842391304347826,0.8315217391304348,0.8315217391304348,0.8532608695652174,0.8478260869565217,0.8532608695652174,0.8043478260869565,0.8369565217391305,0.842391304347826,0.8478260869565217,0.8478260869565217,0.8206521739130435,0.7934782608695652,0.8478260869565217,0.842391304347826,0.8478260869565217,0.8315217391304348,0.7554347826086957,0.8478260869565217,0.842391304347826,0.8641304347826086,0.8478260869565217,0.8097826086956522,0.8532608695652174,0.8586956521739131,0.8260869565217391,0.842391304347826,0.8152173913043478,0.8532608695652174,0.8152173913043478,0.8695652173913043,0.8478260869565217,0.8315217391304348,0.8369565217391305,0.8369565217391305,0.8369565217391305,0.8369565217391305,0.8315217391304348,0.8315217391304348,0.8369565217391305,0.8532608695652174,0.8206521739130435,0.8369565217391305,0.8369565217391305,0.842391304347826,0.8152173913043478,0.8369565217391305,0.8043478260869565,0.8369565217391305,0.8315217391304348,0.8532608695652174,0.8586956521739131,0.8478260869565217,0.8315217391304348,0.8478260869565217,0.842391304347826,0.842391304347826,0.8369565217391305,0.8478260869565217,0.8043478260869565,0.8369565217391305,0.8641304347826086,0.8532608695652174,0.8532608695652174,0.8532608695652174,0.842391304347826,0.8532608695652174,0.8532608695652174,0.8315217391304348,0.8315217391304348,0.8315217391304348,0.8152173913043478,0.8586956521739131,0.8043478260869565,0.7771739130434783,0.8260869565217391,0.8641304347826086,0.8478260869565217,0.842391304347826,0.8369565217391305,0.8478260869565217,0.8152173913043478,0.8532608695652174,0.8478260869565217,0.8478260869565217,0.842391304347826,0.8532608695652174,0.8369565217391305,0.842391304347826,0.842391304347826,0.842391304347826,0.8369565217391305,0.8369565217391305,0.8532608695652174,0.8260869565217391,0.8532608695652174,0.8695652173913043,0.842391304347826,0.8260869565217391,0.8532608695652174,0.8369565217391305,0.8369565217391305,0.842391304347826,0.8586956521739131,0.8315217391304348,0.8315217391304348,0.8315217391304348,0.8641304347826086,0.8532608695652174,0.8478260869565217,0.875,0.8369565217391305,0.8315217391304348,0.8260869565217391,0.8369565217391305,0.8478260869565217,0.842391304347826,0.842391304347826,0.8478260869565217,0.842391304347826,0.8532608695652174,0.8478260869565217,0.842391304347826,0.8586956521739131,0.8532608695652174,0.842391304347826,0.842391304347826,0.8478260869565217,0.8315217391304348,0.8260869565217391,0.8152173913043478,0.8532608695652174,0.8315217391304348,0.8532608695652174,0.842391304347826,0.842391304347826,0.842391304347826,0.8206521739130435,0.842391304347826,0.8315217391304348,0.8369565217391305,0.8586956521739131,0.842391304347826,0.8260869565217391,0.8315217391304348,0.8097826086956522,0.8260869565217391,0.8369565217391305,0.8586956521739131,0.8369565217391305,0.8532608695652174,0.8532608695652174,0.8315217391304348,0.8478260869565217,0.8478260869565217,0.8478260869565217,0.8532608695652174,0.8586956521739131,0.842391304347826,0.8315217391304348,0.8315217391304348,0.8641304347826086,0.8315217391304348,0.8315217391304348,0.8532608695652174,0.842391304347826,0.8369565217391305,0.8478260869565217,0.8478260869565217,0.8586956521739131,0.8206521739130435,0.8369565217391305,0.8478260869565217,0.8369565217391305,0.8532608695652174,0.875,0.8369565217391305,0.842391304347826,0.8369565217391305,0.8369565217391305,0.8369565217391305,0.8641304347826086,0.842391304347826,0.8641304347826086,0.8532608695652174,0.8315217391304348,0.8315217391304348,0.842391304347826,0.8369565217391305,0.8369565217391305,0.8369565217391305,0.8478260869565217,0.8478260869565217,0.8478260869565217,0.8532608695652174,0.8206521739130435,0.8532608695652174,0.8586956521739131,0.8260869565217391,0.842391304347826,0.8586956521739131,0.8641304347826086,0.8369565217391305,0.8369565217391305,0.8369565217391305,0.8260869565217391,0.8641304347826086,0.8369565217391305,0.8260869565217391,0.8260869565217391,0.8369565217391305,0.8478260869565217,0.8478260869565217
test_loss
0.0036269413388293724,0.00361277778511462,0.003584689744140791,0.003560122912344725,0.0034989154209261355,0.003447113153727158,0.003334352179713871,0.003189055815986965,0.0030459262754606166,0.0036716606953869696,0.003220349874185479,0.0027260323581488237,0.0027372205386991086,0.002411823719739914,0.0027852560514989104,0.002331676528505657,0.0023281954876754594,0.002249769380559092,0.0021400242719961248,0.0022254197493843412,0.002113264701936556,0.002069907667844192,0.0021724731701871624,0.0020656464216501818,0.002031274463819421,0.0019513645573802617,0.0019792122361452684,0.002435472996338554,0.0021096529520076256,0.002212874429381412,0.0019247071898501852,0.0018507269737513168,0.0020867872821248097,0.0019839214889899545,0.0019331035082754881,0.0019592837147090745,0.0020451221777045207,0.0018856737600720446,0.001941606078458869,0.001931347114884335,0.0018420287448426952,0.001840650711370551,0.001896726210480151,0.0018691566327343817,0.0020996039004429526,0.0018020251198955204,0.0020218130363070445,0.0018769036168637483,0.00185096879368243,0.002023510472929996,0.0018715534521185834,0.001888812236163927,0.001953859692034514,0.0018882216966670492,0.0022502066972463026,0.0019318856622861779,0.0019041392142358034,0.0022781071779520616,0.0018034705325313237,0.001975119437860406,0.0018683503503384798,0.0018349210529223733,0.002495812819055889,0.001746112399775049,0.0017811280229817266,0.0019495111444722052,0.0020984565110310264,0.0018737160641214123,0.0019416412257629893,0.0019756369292736053,0.0020009925507980843,0.0019495955303959224,0.001971205615479013,0.0027127768034520354,0.0019670276214247165,0.0021174292525519495,0.001863280230242273,0.001964083670274071,0.0021842815305875697,0.002503783968479737,0.0019879334646722546,0.0024383654413015947,0.001972650056299956,0.002166623492603717,0.0024632468171741652,0.002196585678535959,0.0018637178708677707,0.0020441333560839944,0.0022861202773840532,0.0020688529247822967,0.0019701806747395058,0.0019221992596336033,0.0020706894928994384,0.002674080269492191,0.001887766077466633,0.0020567812025547028,0.0020842178036337314,0.002071967267471811,0.0022051165933194366,0.002475953782382219,0.001977431709351747,0.002125403641358666,0.002473222658686016,0.002333975842465525,0.0028468234383541603,0.0021536938198234725,0.0020482154644053917,0.0021888741656489992,0.002221497828545778,0.0024582353299078736,0.002355924928965776,0.002244428610024245,0.002467410395974698,0.0022494187173636064,0.003144222757090693,0.001922677878452384,0.0022495269127514052,0.002324222222618435,0.0023516191412573276,0.002707468750684158,0.0023855234941710596,0.0027771569464517675,0.002271294593811035,0.002489659935235977,0.0024034364715866422,0.0028251999098321667,0.0023187227223230443,0.0025098518184993577,0.002546312854341839,0.002721183973809947,0.0028033557793368464,0.0026154833967271056,0.002702099797518357,0.002839019117148026,0.0030038126784822216,0.0027848796352096224,0.0027935495195181475,0.0026227075444615407,0.002764147584852965,0.0027985806050507918,0.002926006265308546,0.0035084298123484073,0.003043942153453827,0.0026454810539017553,0.0032400990957799163,0.0031093044773392057,0.0034899889774944472,0.002530994622603707,0.0026410034169321475,0.002989620294259942,0.002953500203464342,0.0029011229458062544,0.0032154665045116258,0.0029548231674277263,0.0033140224607094474,0.003368475838847782,0.0032775392350943193,0.003180369734764099,0.003348627816075864,0.0032371988762979922,0.0035891173326450844,0.004259971820789835,0.002080385775669761,0.0023047549893026767,0.002582503563683966,0.002745818184769672,0.003203883443189704,0.0027599026975424394,0.003315127738144087,0.0029697233568067136,0.00300273720336997,0.0029164183398951654,0.003351358939772067,0.0036532541979914126,0.0035081155922101893,0.003303044840045597,0.003506843810496123,0.0031408223768939142,0.0032708136283833046,0.0033802011090776195,0.0035734636628109474,0.0036825456697007885,0.0033314014258592024,0.0034587256934331813,0.0037324528979218526,0.003723798238712808,0.0036067687298940577,0.003619167791760486,0.004103159450966379,0.0037080584012943764,0.0037976415908854942,0.0038941321165665336,0.003838006245053333,0.004042986294497614,0.00374034662609515,0.0037302776523258376,0.003923245746156444,0.0037204292805298514,0.003987244289854299,0.004113436069177545,0.004587505498658056,0.0042844210629877835,0.0039048577132432356,0.0037293035698973613,0.003804530786431354,0.0036942599260288735,0.003937870911929918,0.004025868099668752,0.004047566457935001,0.004002666343813357,0.004010725928389508,0.004001557179119276,0.003868417247481968,0.0040941908955574036,0.004335793788018434,0.004938673066056293,0.0043654189161632375,0.0045020832963611765,0.004248478814311649,0.004474986830483313,0.004284587243328924,0.004387174611506255,0.0046703967711199884,0.004607866639676301,0.004653836398021034,0.004760917114174884,0.004007269506869109,0.004615711453168288,0.004061694378438203,0.0041106327072433805,0.004447819422120633,0.004187037115511687,0.00474820156460223,0.005185679249141527,0.005004772349544193,0.0037333213764688244,0.004465933403243189,0.0049561407902966375,0.004666435653748719,0.004550420071767724,0.0046647531182869625,0.004270743740641553,0.004458787648574165,0.0050091578260712,0.004566769561041956,0.004661666310351828,0.004911935523800228,0.004672622875027035,0.004307531468246294,0.004500036654265031,0.0046195578963860225,0.004786492689796116,0.004414170008638631,0.004539697066597317,0.00515174995297971,0.004293197522992673,0.0051807456690332165,0.004494909682999487,0.004438147272752679,0.003984042807765629,0.005249198364174884,0.004487060334371484,0.004600640872250433,0.0050530919562215395,0.004828782509202542,0.004929979858191117,0.005067845077618309,0.004911937791368236,0.004531930970109027,0.004891987728035968,0.00473804674718691,0.004832887779111447,0.004796832475973212,0.004743688780328502,0.004942075065944506,0.004652242945588153,0.005191670487756314,0.0055343016334201975,0.005075406445109326,0.004772309699784155,0.005122853685980258,0.004643277629562046,0.005077300188334092,0.0047305232804754505,0.004046696683634882,0.004752638547316841,0.00507458526155223,0.004450173481650974,0.0040979278476341915,0.0049204538049905195,0.004769541647123254,0.00492831254782884,0.00501620510350103,0.004772093309008557,0.005091389560181162,0.0058485114056131115,0.0046454904519993324,0.005039740515791852,0.004920347553232442,0.005202547039674676
acc,se,sp,auc
0.875,0.7971014492753623,0.9217391304347826,0.9173282923755514
fpr
0.0,0.0,0.014492753623188406,0.014492753623188406,0.014492753623188406,0.014492753623188406,0.028985507246376812,0.028985507246376812,0.043478260869565216,0.043478260869565216,0.043478260869565216,0.043478260869565216,0.057971014492753624,0.057971014492753624,0.07246376811594203,0.07246376811594203,0.08695652173913043,0.08695652173913043,0.10144927536231885,0.10144927536231885,0.11594202898550725,0.11594202898550725,0.14492753623188406,0.14492753623188406,0.15942028985507245,0.15942028985507245,0.17391304347826086,0.17391304347826086,0.18840579710144928,0.18840579710144928,0.2028985507246377,0.2028985507246377,0.2463768115942029,0.2463768115942029,0.30434782608695654,0.30434782608695654,0.34782608695652173,0.34782608695652173,0.37681159420289856,0.37681159420289856,0.4057971014492754,0.4057971014492754,0.5072463768115942,0.5072463768115942,0.5797101449275363,0.5797101449275363,1.0
tpr
0.0,0.28695652173913044,0.3130434782608696,0.3391304347826087,0.3565217391304348,0.3739130434782609,0.3739130434782609,0.4,0.40869565217391307,0.41739130434782606,0.43478260869565216,0.4956521739130435,0.4956521739130435,0.5478260869565217,0.5478260869565217,0.6521739130434783,0.6521739130434783,0.6956521739130435,0.6956521739130435,0.7391304347826086,0.7391304347826086,0.7739130434782608,0.7739130434782608,0.8260869565217391,0.8260869565217391,0.8521739130434782,0.8521739130434782,0.8695652173913043,0.8695652173913043,0.9043478260869565,0.9043478260869565,0.9304347826086956,0.9304347826086956,0.9391304347826087,0.9391304347826087,0.9478260869565217,0.9478260869565217,0.9565217391304348,0.9565217391304348,0.9739130434782609,0.9739130434782609,0.9826086956521739,0.9826086956521739,0.991304347826087,0.991304347826087,1.0,1.0
train_acc
0.5013661202185792,0.5833333333333334,0.6775956284153005,0.7090163934426229,0.7349726775956285,0.6557377049180327,0.7759562841530054,0.7418032786885246,0.7991803278688525,0.8073770491803278,0.8169398907103825,0.7144808743169399,0.8155737704918032,0.8278688524590164,0.8142076502732241,0.8333333333333334,0.8265027322404371,0.8005464480874317,0.8278688524590164,0.8387978142076503,0.8306010928961749,0.8387978142076503,0.837431693989071,0.8114754098360656,0.8483606557377049,0.8565573770491803,0.8237704918032787,0.8524590163934426,0.8620218579234973,0.8278688524590164,0.860655737704918,0.8483606557377049,0.860655737704918,0.855191256830601,0.8674863387978142,0.8346994535519126,0.8169398907103825,0.8661202185792349,0.8715846994535519,0.8661202185792349,0.8592896174863388,0.8319672131147541,0.8879781420765027,0.8784153005464481,0.8770491803278688,0.8756830601092896,0.8838797814207651,0.8811475409836066,0.8797814207650273,0.8715846994535519,0.8469945355191257,0.8729508196721312,0.889344262295082,0.8975409836065574,0.8019125683060109,0.8579234972677595,0.889344262295082,0.8538251366120219,0.8715846994535519,0.9139344262295082,0.8920765027322405,0.8579234972677595,0.8756830601092896,0.9030054644808743,0.9153005464480874,0.8797814207650273,0.8306010928961749,0.9112021857923497,0.9153005464480874,0.9275956284153005,0.9207650273224044,0.8169398907103825,0.9221311475409836,0.9166666666666666,0.9289617486338798,0.837431693989071,0.8975409836065574,0.9344262295081968,0.9275956284153005,0.9521857923497268,0.9453551912568307,0.8797814207650273,0.8975409836065574,0.9412568306010929,0.9480874316939891,0.9084699453551912,0.924863387978142,0.894808743169399,0.9508196721311475,0.953551912568306,0.9644808743169399,0.9590163934426229,0.8087431693989071,0.930327868852459,0.9590163934426229,0.9617486338797814,0.9412568306010929,0.9508196721311475,0.9590163934426229,0.930327868852459,0.8019125683060109,0.9549180327868853,0.9576502732240437,0.9754098360655737,0.9740437158469946,0.9808743169398907,0.9713114754098361,0.8907103825136612,0.9549180327868853,0.9740437158469946,0.98224043715847,0.9877049180327869,0.9808743169398907,0.9890710382513661,0.9890710382513661,0.994535519125683,0.9849726775956285,0.9877049180327869,0.9631147540983607,0.8155737704918032,0.7049180327868853,0.8142076502732241,0.8975409836065574,0.9289617486338798,0.9467213114754098,0.9740437158469946,0.9740437158469946,0.9699453551912568,0.9795081967213115,0.9849726775956285,0.9808743169398907,0.9740437158469946,0.9644808743169399,0.9795081967213115,0.994535519125683,0.994535519125683,0.9904371584699454,0.9959016393442623,0.9986338797814208,0.9972677595628415,0.9972677595628415,0.9849726775956285,0.9890710382513661,0.9972677595628415,0.9986338797814208,1.0,1.0,0.9918032786885246,0.994535519125683,0.9972677595628415,0.9986338797814208,1.0,0.9959016393442623,1.0,0.9986338797814208,1.0,1.0,0.9972677595628415,1.0,0.9959016393442623,1.0,0.9986338797814208,1.0,1.0,0.994535519125683,0.994535519125683,1.0,0.9986338797814208,0.9986338797814208,0.9986338797814208,0.9986338797814208,1.0,1.0,1.0,0.9972677595628415,1.0,1.0,1.0,0.9986338797814208,1.0,0.9986338797814208,1.0,1.0,1.0,0.9972677595628415,1.0,1.0,1.0,1.0,1.0,1.0,1.0,0.9986338797814208,0.9986338797814208,1.0,0.9986338797814208,1.0,0.9986338797814208,1.0,1.0,0.9986338797814208,1.0,1.0,1.0,1.0,1.0,1.0,0.9986338797814208,1.0,1.0,1.0,1.0,1.0,0.9986338797814208,0.9972677595628415,1.0,0.9986338797814208,1.0,1.0,1.0,0.9986338797814208,1.0,1.0,1.0,1.0,1.0,1.0,1.0,1.0,0.9986338797814208,1.0,1.0,1.0,1.0,1.0,1.0,1.0,1.0,1.0,1.0,0.9986338797814208,1.0,0.9986338797814208,1.0,0.9986338797814208,0.9986338797814208,0.9986338797814208,1.0,1.0,1.0,1.0,1.0,1.0,1.0,1.0,1.0,1.0,0.9986338797814208,1.0,1.0,1.0,1.0,1.0,1.0,1.0,1.0,1.0,1.0,1.0,1.0,1.0,1.0,1.0,1.0,1.0,1.0,1.0,1.0,1.0,1.0,1.0,1.0,1.0,1.0,1.0,1.0,1.0,1.0,1.0,1.0,1.0,1.0,1.0,1.0,0.9986338797814208,0.9986338797814208,1.0,1.0,1.0,1.0
train_loss
0.004562181038934676,0.002966533186005764,0.0026592292257996857,0.0024960395254072596,0.0023744709667612293,0.0026237166644445535,0.002259378061919916,0.002232603484489879,0.0020120277837977385,0.0019630481555162234,0.0019074421518487357,0.002377299581720529,0.0019111240414973816,0.0018260283141188283,0.0018331748865992644,0.0017634140826313875,0.001743382932058449,0.001859562074551817,0.0017166648243294388,0.0017138549376055192,0.00169789265902316,0.0016454599512730791,0.001752702509119211,0.0017800464249048077,0.001604148680395116,0.0015553450160990647,0.0017275262644382123,0.0015267115798804278,0.0015086940810328624,0.001585405706707897,0.001512177695667809,0.0014931244032630503,0.001459033396400389,0.0014603977890613952,0.0014353519498976203,0.0016529627266477366,0.0016589646375244431,0.001373463518958274,0.001378313969067537,0.0013805598509116252,0.001462740487739688,0.0016144322730152986,0.001320502797111136,0.0013416420892288124,0.001303769973783545,0.0012704140908731138,0.0012705467763494272,0.0012770998266225305,0.0012941510706651405,0.0012945181847921485,0.0014654690287803692,0.0012563024876547642,0.0011527995512785156,0.001094019722417404,0.001713782101055312,0.0013631638851973528,0.0010972316962122265,0.0013816225561287885,0.001191052582745995,0.0010396822513452644,0.0011147192063553086,0.0013668215909942252,0.0011647509746864195,0.0009815753768376314,0.0009605409017677516,0.0010756485042024832,0.0015294799387780694,0.0010570976984956876,0.0009070310151316429,0.0008394027057566929,0.0008212512593126037,0.0016722040342502906,0.0010299985526037998,0.0008644130630571334,0.0008625781641957538,0.0014457317079351248,0.001025771365953925,0.0007981260821141832,0.0008272381876010061,0.0007285682555756282,0.0007010530985769679,0.0010586653739376797,0.0010232777421266004,0.0007335058123361869,0.000607452085597919,0.0009292555474192718,0.0007624490176393686,0.0009421221097636092,0.0006084302084042075,0.0005385121381510802,0.0005548934304649061,0.0005416051876512382,0.0017003680838913215,0.0008405722636994117,0.0006214019542183381,0.0005735589873269607,0.0006342358235778704,0.0005406622209998428,0.00046337628991551736,0.0006451294681087869,0.0017754585772264198,0.0006104414580298252,0.0005037538870110538,0.0003960739637984604,0.0003449526600173262,0.00033300421887733897,0.00037541603822200027,0.0009045615955128696,0.0005798178210935957,0.0003330102139483384,0.00031870654453345336,0.00029033628073546404,0.00027307344834661226,0.0002821133334617146,0.00023972816622810938,0.000194595129193504,0.0002443482234178345,0.00023849272357472957,0.00038103961329805395,0.0016289520906946047,0.002945427034722,0.0016227796510920498,0.001081528783333106,0.0008356811611053071,0.0006208390282477186,0.0004842595548414793,0.00041099141041437787,0.00041838351616768236,0.00034876866011671683,0.00026571982708133634,0.0002892726340173372,0.00028280741815032854,0.0004914751571547138,0.00029985868254971636,0.00016859495920724555,0.00016707095923156686,0.00018553550309333646,0.00012091297880222238,0.0001276054831801868,0.0001182809416102907,0.0001255008824617485,0.0002186921542215217,0.00018455270840659168,0.00011262801715015062,0.00010120060518791116,8.970740775430138e-05,7.783605773103693e-05,0.00011035804051519092,9.419223232591738e-05,8.709233284729425e-05,6.779523113426941e-05,5.702849711632468e-05,6.340477549435336e-05,6.601868752044081e-05,6.700826992021233e-05,6.063263914217063e-05,5.3254577020804085e-05,5.902461911159786e-05,5.7068579611393925e-05,6.564999956006561e-05,5.180724830331047e-05,5.0237572807920433e-05,4.226015753474066e-05,4.25996258854866e-05,6.871300372880339e-05,6.906758444231065e-05,4.4849099428520176e-05,4.754180999605056e-05,4.5007003135368475e-05,4.428150094129512e-05,4.447469884743456e-05,4.498202028007455e-05,4.954876561389595e-05,3.244305192365673e-05,4.269576649298596e-05,3.144218741605679e-05,3.7720687738288944e-05,3.09112839288806e-05,2.6717911795025965e-05,3.174001788669597e-05,3.397746948026568e-05,3.755454017266713e-05,2.9751646098339818e-05,3.0237599276006222e-05,4.7691699494022487e-05,3.3858112604077396e-05,2.3242539746554497e-05,2.891935034059599e-05,2.620049912604641e-05,2.8523033779989827e-05,1.5052514471357964e-05,3.1053396501664905e-05,3.0559173383103695e-05,3.9976101007332894e-05,2.5322478865095176e-05,2.6107311523595795e-05,1.949675080921155e-05,2.9949167911268647e-05,1.922703368456963e-05,2.1404547291130967e-05,2.847156357630843e-05,2.539099723385657e-05,1.8235998955947128e-05,2.5537738428944774e-05,2.0726057802596705e-05,1.8522257870826566e-05,1.7965399174152013e-05,2.2393787442579296e-05,2.1283157917930454e-05,1.618207961605872e-05,2.233367833140932e-05,1.9329887575627677e-05,2.3037512008039678e-05,2.1836687963394845e-05,2.917545514252505e-05,1.769940161446486e-05,2.1273433421662107e-05,2.2562906461579553e-05,2.0905427731410726e-05,1.6876042164007172e-05,3.496177311314911e-05,1.7114162389087223e-05,1.6752063663157284e-05,2.000638464455559e-05,1.3630820026041054e-05,1.814964168852633e-05,1.4403719795979764e-05,1.5476733176393914e-05,1.075597418869128e-05,1.778881748771814e-05,2.2070397129231464e-05,1.4801091410199313e-05,1.4338507177053743e-05,1.5151741039109686e-05,1.7849041423836693e-05,1.2916560816614192e-05,1.3555057507130454e-05,1.2525047501294666e-05,1.5471058406566826e-05,9.494240757057576e-06,2.1800547685535227e-05,1.2545618661195855e-05,1.826811272681492e-05,1.623773122908639e-05,1.8605759464041456e-05,1.9225382240987868e-05,2.9452621575465295e-05,1.656345398384121e-05,1.1827404511573374e-05,8.904764777344595e-06,1.088929215644593e-05,1.294243746167405e-05,1.3292604253266027e-05,1.1527088605620659e-05,1.0085832887415677e-05,1.1321767602278724e-05,8.461896083292251e-06,1.5154808232957711e-05,8.654135153399872e-06,1.5189573474106242e-05,1.2420426069407679e-05,1.0441592067500443e-05,8.666795319648551e-06,1.135340139849997e-05,8.737785605550871e-06,9.3316867988292e-06,4.905622383793358e-06,9.508993695464617e-06,8.624829027465865e-06,9.835191017596937e-06,5.269680926678041e-06,7.383711286184322e-06,9.430362779362118e-06,9.366213404471716e-06,6.269272976641447e-06,9.526859471431928e-06,5.125811309528237e-06,8.543103563095458e-06,1.1076840261618296e-05,1.1791138912301734e-05,8.933498368908962e-06,1.3719050116999879e-05,9.116956829271519e-06,6.7296262341933175e-06,9.860181188607802e-06,5.330748555805188e-06,5.53283267247343e-06,6.717134011359733e-06,6.178640944964654e-06,9.278551474356098e-06,7.387760853588255e-06,6.636245242355626e-06,6.121288507265838e-06,6.6146241180354456e-06,1.7036677177873303e-05,1.253535645973202e-05,8.129521910498132e-06,6.63712233320245e-06,8.253475919599986e-06,7.409241706987874e-06
test_acc
0.625,0.6956521739130435,0.7663043478260869,0.8478260869565217,0.6358695652173914,0.7934782608695652,0.6956521739130435,0.8315217391304348,0.7771739130434783,0.842391304347826,0.7771739130434783,0.8586956521739131,0.8478260869565217,0.8260869565217391,0.8478260869565217,0.8369565217391305,0.842391304347826,0.8586956521739131,0.8532608695652174,0.875,0.8695652173913043,0.8532608695652174,0.8043478260869565,0.8369565217391305,0.8478260869565217,0.8206521739130435,0.8641304347826086,0.8532608695652174,0.8532608695652174,0.8641304347826086,0.8369565217391305,0.8586956521739131,0.8369565217391305,0.842391304347826,0.8532608695652174,0.7880434782608695,0.8641304347826086,0.842391304347826,0.8315217391304348,0.8152173913043478,0.8206521739130435,0.8586956521739131,0.842391304347826,0.8532608695652174,0.842391304347826,0.8478260869565217,0.8586956521739131,0.8532608695652174,0.8532608695652174,0.7934782608695652,0.8369565217391305,0.842391304347826,0.842391304347826,0.8206521739130435,0.8206521739130435,0.8695652173913043,0.8641304347826086,0.8369565217391305,0.8586956521739131,0.8586956521739131,0.8369565217391305,0.8315217391304348,0.8315217391304348,0.8532608695652174,0.8152173913043478,0.8315217391304348,0.8369565217391305,0.8586956521739131,0.8586956521739131,0.8532608695652174,0.8478260869565217,0.8478260869565217,0.842391304347826,0.8369565217391305,0.8043478260869565,0.8315217391304348,0.8369565217391305,0.8532608695652174,0.8315217391304348,0.8695652173913043,0.8206521739130435,0.8315217391304348,0.8478260869565217,0.8586956521739131,0.8695652173913043,0.8369565217391305,0.8260869565217391,0.8206521739130435,0.842391304347826,0.8586956521739131,0.8369565217391305,0.8097826086956522,0.8315217391304348,0.8586956521739131,0.842391304347826,0.842391304347826,0.8478260869565217,0.8260869565217391,0.8532608695652174,0.7065217391304348,0.842391304347826,0.8369565217391305,0.842391304347826,0.842391304347826,0.842391304347826,0.8260869565217391,0.782608695652174,0.8369565217391305,0.8478260869565217,0.8315217391304348,0.8586956521739131,0.8478260869565217,0.8369565217391305,0.8532608695652174,0.842391304347826,0.8532608695652174,0.8315217391304348,0.8097826086956522,0.8043478260869565,0.657608695652174,0.6793478260869565,0.8532608695652174,0.8586956521739131,0.842391304347826,0.842391304347826,0.8532608695652174,0.7989130434782609,0.8532608695652174,0.8315217391304348,0.8532608695652174,0.8152173913043478,0.7663043478260869,0.8532608695652174,0.8369565217391305,0.8586956521739131,0.842391304347826,0.8641304347826086,0.8586956521739131,0.8097826086956522,0.8532608695652174,0.8260869565217391,0.8206521739130435,0.842391304347826,0.8260869565217391,0.8641304347826086,0.8315217391304348,0.8586956521739131,0.8532608695652174,0.8478260869565217,0.8532608695652174,0.8478260869565217,0.8369565217391305,0.8315217391304348,0.8369565217391305,0.8532608695652174,0.8152173913043478,0.8315217391304348,0.8043478260869565,0.8152173913043478,0.8206521739130435,0.842391304347826,0.8369565217391305,0.8478260869565217,0.8315217391304348,0.8260869565217391,0.8043478260869565,0.8369565217391305,0.8315217391304348,0.8260869565217391,0.8369565217391305,0.8478260869565217,0.8369565217391305,0.8315217391304348,0.842391304347826,0.8260869565217391,0.8097826086956522,0.8369565217391305,0.8478260869565217,0.8478260869565217,0.842391304347826,0.8369565217391305,0.8315217391304348,0.8315217391304348,0.842391304347826,0.8369565217391305,0.842391304347826,0.8315217391304348,0.842391304347826,0.8369565217391305,0.842391304347826,0.8260869565217391,0.8260869565217391,0.842391304347826,0.8369565217391305,0.8369565217391305,0.8315217391304348,0.8315217391304348,0.8369565217391305,0.8586956521739131,0.8152173913043478,0.8369565217391305,0.842391304347826,0.8206521739130435,0.8586956521739131,0.8315217391304348,0.8260869565217391,0.8315217391304348,0.842391304347826,0.8260869565217391,0.8532608695652174,0.8315217391304348,0.8315217391304348,0.842391304347826,0.8152173913043478,0.8206521739130435,0.842391304347826,0.8206521739130435,0.8260869565217391,0.8315217391304348,0.842391304347826,0.8315217391304348,0.842391304347826,0.8478260869565217,0.8478260869565217,0.8369565217391305,0.8260869565217391,0.8260869565217391,0.8315217391304348,0.8641304347826086,0.8369565217391305,0.8206521739130435,0.842391304347826,0.842391304347826,0.8315217391304348,0.8260869565217391,0.8315217391304348,0.8369565217391305,0.8369565217391305,0.8532608695652174,0.8152173913043478,0.8369565217391305,0.8478260869565217,0.8152173913043478,0.875,0.8152173913043478,0.8369565217391305,0.8315217391304348,0.8369565217391305,0.8369565217391305,0.8206521739130435,0.8260869565217391,0.8043478260869565,0.8206521739130435,0.842391304347826,0.8260869565217391,0.8532608695652174,0.8641304347826086,0.8315217391304348,0.8369565217391305,0.842391304347826,0.8586956521739131,0.842391304347826,0.8315217391304348,0.842391304347826,0.8315217391304348,0.8369565217391305,0.8586956521739131,0.842391304347826,0.8369565217391305,0.8152173913043478,0.8206521739130435,0.8478260869565217,0.8478260869565217,0.8641304347826086,0.842391304347826,0.8315217391304348,0.8260869565217391,0.8260869565217391,0.8586956521739131,0.8478260869565217,0.8315217391304348,0.842391304347826,0.8369565217391305,0.842391304347826,0.842391304347826,0.8369565217391305,0.8369565217391305,0.8478260869565217,0.8586956521739131,0.8478260869565217,0.8532608695652174,0.8695652173913043,0.8478260869565217,0.8369565217391305,0.8315217391304348,0.842391304347826,0.8315217391304348,0.8478260869565217,0.8532608695652174,0.842391304347826
test_loss
0.0039840784409771795,0.0034829987132030983,0.003271462476771811,0.002930842339992523,0.0034852238452952843,0.0028532630075579104,0.0030411355521367946,0.0022681791173375172,0.0024907347624716553,0.0021314518931119337,0.002738473531992539,0.0022790297541929326,0.002056405272172845,0.002292224894399228,0.0020232654136160145,0.001979813303636468,0.0021186059583788333,0.002022929813550866,0.0019859158150527787,0.0020341614018315854,0.0019474719529566557,0.0019222203156222467,0.0024984832043233123,0.0020171070228452268,0.001958632274814274,0.0021359510719776154,0.0019070199974205184,0.0019384846091270447,0.002039418110381002,0.001956589358008426,0.001996574194534965,0.0019027266813361127,0.0019777736262134886,0.002049229391243147,0.0019331744507603023,0.0025180106901604195,0.0019269250333309174,0.001980932348448297,0.0018471821170786152,0.0020344252495662026,0.002229182454554931,0.0019345035695511362,0.0019161719018998353,0.002029354319624279,0.0018471777439117432,0.0019397505599519482,0.0019063862121623495,0.002133509387140689,0.0019697608507197838,0.0025863594011120176,0.0018467726590840714,0.001984456473070642,0.0018944534594598024,0.002375758698453074,0.0022470218979794045,0.0018459019129690917,0.001948036253452301,0.002032880549845488,0.0020448280417400856,0.0018170267019582832,0.002026131133670392,0.0021073675673940907,0.002064415942067685,0.0019703549535378165,0.002114356535932292,0.002260447844215061,0.0018863179113553917,0.0019577017620853758,0.0018740080944869828,0.002031911974367888,0.002186899599821671,0.0018800113188183825,0.0018894288526928942,0.0019631920301395912,0.002556727632232334,0.0021152975766555123,0.001822739839553833,0.002084163058063258,0.00216539868194124,0.0018555518725643988,0.00222614326554796,0.002761666865452476,0.0019532858353594074,0.001970329524382301,0.002000008912190147,0.00206722691655159,0.002626203486452932,0.0021411429928696675,0.0021359995007514954,0.0022229620296022167,0.002470479387304057,0.003058939200380574,0.0019317766570526621,0.001973532788131548,0.002215349317892738,0.0021211093534593997,0.002220299418853677,0.0021882329298102336,0.0023645794262056766,0.003944835585096608,0.0018806164355381675,0.002038969617822896,0.002171457299719686,0.002326401031535605,0.0023889034662557683,0.002612377314463906,0.0028176615419595137,0.0031164709640585857,0.0020732154016909394,0.002533801061951596,0.002343007727809574,0.0023777642003867936,0.0026215416905672655,0.0023014662058457084,0.00287401935328608,0.0023816981069419694,0.002636565624371819,0.0027829936665037403,0.003917565488297007,0.003957031861595486,0.00264710220305816,0.0018268907847611802,0.0019746617130611253,0.0020736185428888903,0.0019036155679951544,0.00249003278820411,0.0025707569135271983,0.002733807524909144,0.002774511342463286,0.002798881867657537,0.0029679015278816223,0.002954687113347261,0.002850637163804925,0.002729968532272007,0.002594953969768856,0.002705353919578635,0.0027130132784014163,0.002487136941889058,0.0032298636177311773,0.003061644409013831,0.0032008724368136864,0.0028085961290027785,0.0031014816916507225,0.003384980170623116,0.003121773185937301,0.003458034733067388,0.003002426546552907,0.003391123336294423,0.003368953971759133,0.003324962828470313,0.0033926141002903814,0.0035436279747797094,0.0036139157803162284,0.003532595932483673,0.0036701022282890653,0.003496726569922074,0.003923289801763452,0.003824384964030722,0.003568752952243971,0.0036858174463976984,0.003476496299971705,0.0036127865314483643,0.003659422306910805,0.003894769303176714,0.0034651778962301173,0.003695624678031258,0.0037281299414842024,0.003706760056640791,0.003950974539570187,0.0036144318140071373,0.0035618135462636533,0.003790366908778315,0.0036452827246292777,0.003890903747600058,0.003964153320892998,0.004262892772322116,0.0035995063574417777,0.0035430474773697233,0.003038517158964406,0.003987795956756758,0.004041292745134105,0.00401946643124456,0.0038750991225242615,0.003926435890405074,0.003976486623287201,0.004224198667899422,0.003630230608193771,0.003995991919351661,0.004218158190665038,0.004071241487627444,0.004669454434643621,0.004191100273443305,0.004369093024212381,0.004145943924136784,0.00424012444589449,0.004333582585272582,0.004804212438023608,0.0041211046602415,0.003879366037638291,0.004033442424691241,0.004021517608476722,0.004689276218414307,0.004465237583803094,0.004502883747867916,0.004197215256483659,0.004031105209951816,0.004244994534098584,0.003953454935032389,0.004196527535500733,0.004381253667499708,0.00396132890297019,0.0042533544094666195,0.003911219861196435,0.004424458288628122,0.0042633725249249,0.004204412841278574,0.004317397332709768,0.004801214713117351,0.004313709943190865,0.0044206124932869625,0.00372588407734166,0.004183654227982397,0.004190065614555193,0.004170776385328044,0.004404538027618242,0.00412804179865381,0.004369738309279732,0.004607972567496093,0.004484570544698964,0.004374785267788431,0.004530595372552457,0.004308827545331872,0.005169940707476243,0.004571619565072267,0.00427078779624856,0.00441558011200117,0.0045063735350318575,0.004495059018549712,0.0037730566185453663,0.005006156861782074,0.004278433711632439,0.004085380745970685,0.00465531420448552,0.0038684153038522472,0.004232771694660187,0.003936505188112674,0.0039195648354032765,0.004777385488800381,0.004573913372081259,0.004140700335087983,0.004132503724616507,0.004654458035593448,0.004274322610834371,0.004162525677162668,0.004653482657411824,0.004495096271452697,0.004607301043427508,0.005209156028602434,0.004659493980200395,0.004395064128481824,0.0042152323800584545,0.004387022684449735,0.004266167788401894,0.004291373426499574,0.004421115569446398,0.004786356311777364,0.004531325529450955,0.004828299517216889,0.005426521858443384,0.004575718680153723,0.005142469768938811,0.004341877349044966,0.004914190458214801,0.004856465303379557,0.005030007466025974,0.0046823439390763,0.004600862446038619,0.0045979013261587725,0.003895845750103826,0.004506166538466578,0.0047666300898012905,0.004952034548572872,0.004254351491513459,0.004515015236709429,0.004602324379527051,0.00510906687249308,0.005113110270189202,0.004270360197709954,0.0044102795098138895,0.004867257307405057,0.004779434398464535,0.0044462395750957985,0.0048516732843025875,0.005042479090068651,0.0039317530134449835,0.005225378534068232,0.004565686635349108,0.004751524199610171,0.004510093642317731,0.004787871371144834
acc,se,sp,auc
0.875,0.8260869565217391,0.9043478260869565,0.9280403276622559
fpr
0.0,0.0,0.0,0.014492753623188406,0.014492753623188406,0.028985507246376812,0.028985507246376812,0.043478260869565216,0.043478260869565216,0.057971014492753624,0.057971014492753624,0.07246376811594203,0.07246376811594203,0.08695652173913043,0.08695652173913043,0.10144927536231885,0.10144927536231885,0.11594202898550725,0.11594202898550725,0.13043478260869565,0.13043478260869565,0.15942028985507245,0.15942028985507245,0.17391304347826086,0.17391304347826086,0.18840579710144928,0.18840579710144928,0.2318840579710145,0.2318840579710145,0.2463768115942029,0.2463768115942029,0.2753623188405797,0.2753623188405797,0.2898550724637681,0.2898550724637681,0.37681159420289856,0.37681159420289856,0.42028985507246375,0.42028985507246375,0.6666666666666666,0.6666666666666666,1.0
tpr
0.0,0.008695652173913044,0.4956521739130435,0.4956521739130435,0.5391304347826087,0.5391304347826087,0.5652173913043478,0.5652173913043478,0.5739130434782609,0.5739130434782609,0.591304347826087,0.591304347826087,0.6521739130434783,0.6521739130434783,0.6695652173913044,0.6695652173913044,0.6956521739130435,0.6956521739130435,0.7913043478260869,0.7913043478260869,0.8782608695652174,0.8782608695652174,0.8869565217391304,0.8869565217391304,0.9043478260869565,0.9043478260869565,0.9130434782608695,0.9130434782608695,0.9217391304347826,0.9217391304347826,0.9391304347826087,0.9391304347826087,0.9565217391304348,0.9565217391304348,0.9652173913043478,0.9652173913043478,0.9739130434782609,0.9739130434782609,0.9826086956521739,0.9826086956521739,1.0,1.0
train_acc
0.5519125683060109,0.5382513661202186,0.7308743169398907,0.7049180327868853,0.610655737704918,0.7896174863387978,0.7978142076502732,0.7827868852459017,0.7595628415300546,0.8046448087431693,0.8265027322404371,0.8019125683060109,0.8169398907103825,0.825136612021858,0.8306010928961749,0.8401639344262295,0.8360655737704918,0.837431693989071,0.8497267759562842,0.8333333333333334,0.8415300546448088,0.825136612021858,0.8401639344262295,0.8565573770491803,0.8510928961748634,0.8483606557377049,0.8401639344262295,0.8688524590163934,0.8483606557377049,0.8469945355191257,0.8415300546448088,0.8510928961748634,0.8265027322404371,0.8497267759562842,0.8688524590163934,0.8702185792349727,0.8674863387978142,0.8333333333333334,0.8579234972677595,0.8811475409836066,0.8797814207650273,0.8715846994535519,0.8702185792349727,0.8702185792349727,0.8784153005464481,0.8756830601092896,0.7704918032786885,0.8838797814207651,0.889344262295082,0.8961748633879781,0.9016393442622951,0.9016393442622951,0.889344262295082,0.8661202185792349,0.894808743169399,0.8702185792349727,0.8579234972677595,0.8688524590163934,0.9030054644808743,0.9030054644808743,0.9043715846994536,0.8825136612021858,0.8565573770491803,0.8852459016393442,0.9084699453551912,0.9166666666666666,0.9193989071038251,0.889344262295082,0.842896174863388,0.9153005464480874,0.9289617486338798,0.9221311475409836,0.930327868852459,0.8920765027322405,0.8579234972677595,0.889344262295082,0.9098360655737705,0.912568306010929,0.9344262295081968,0.9412568306010929,0.9357923497267759,0.8442622950819673,0.9057377049180327,0.9467213114754098,0.9508196721311475,0.9590163934426229,0.9644808743169399,0.9590163934426229,0.9726775956284153,0.930327868852459,0.7459016393442623,0.8224043715846995,0.9262295081967213,0.9494535519125683,0.9685792349726776,0.9631147540983607,0.9713114754098361,0.9658469945355191,0.9412568306010929,0.894808743169399,0.9562841530054644,0.9808743169398907,0.9808743169398907,0.9398907103825137,0.9453551912568307,0.9740437158469946,0.9918032786885246,0.9849726775956285,0.9877049180327869,0.9890710382513661,0.98224043715847,0.9316939890710383,0.860655737704918,0.8961748633879781,0.98224043715847,0.9890710382513661,0.9863387978142076,0.9863387978142076,0.9877049180327869,0.9931693989071039,0.994535519125683,0.9918032786885246,0.9931693989071039,0.9918032786885246,0.9877049180327869,0.994535519125683,0.9918032786885246,1.0,0.994535519125683,0.9986338797814208,0.9986338797814208,0.994535519125683,0.9986338797814208,0.994535519125683,0.9986338797814208,0.9959016393442623,0.994535519125683,0.9986338797814208,0.9986338797814208,0.9972677595628415,0.9972677595628415,1.0,0.9972677595628415,1.0,0.9972677595628415,1.0,1.0,0.9986338797814208,0.9972677595628415,0.9986338797814208,1.0,1.0,0.9986338797814208,1.0,0.9986338797814208,1.0,0.9972677595628415,0.9972677595628415,0.9972677595628415,1.0,1.0,0.9972677595628415,0.9986338797814208,1.0,0.9986338797814208,0.9986338797814208,1.0,0.9986338797814208,1.0,1.0,1.0,1.0,1.0,0.9986338797814208,1.0,1.0,1.0,0.9986338797814208,1.0,1.0,1.0,1.0,0.9986338797814208,0.9986338797814208,1.0,1.0,1.0,0.9959016393442623,0.9986338797814208,1.0,1.0,1.0,1.0,1.0,1.0,0.9986338797814208,0.9986338797814208,1.0,1.0,0.9986338797814208,1.0,1.0,1.0,1.0,1.0,1.0,1.0,1.0,1.0,1.0,1.0,1.0,1.0,1.0,1.0,1.0,1.0,1.0,1.0,1.0,1.0,0.9986338797814208,0.9972677595628415,1.0,1.0,1.0,1.0,1.0,1.0,1.0,0.9986338797814208,0.9986338797814208,1.0,1.0,1.0,1.0,1.0,1.0,1.0,1.0,1.0,1.0,1.0,1.0,1.0,1.0,1.0,1.0,1.0,1.0,1.0,1.0,1.0,1.0,1.0,1.0,1.0,1.0,1.0,1.0,1.0,1.0,1.0,1.0,1.0,1.0,1.0,0.9986338797814208,1.0,1.0,1.0,1.0,1.0,1.0,1.0,1.0,1.0,1.0,1.0,1.0,1.0,1.0,1.0,1.0,1.0,1.0,1.0,1.0,1.0,1.0,1.0,1.0,1.0,0.9986338797814208,0.9986338797814208,1.0,0.9986338797814208,1.0,1.0,1.0
train_loss
0.0030612807944824134,0.0031344109708494176,0.0026181870308078703,0.002490154869569455,0.002662736128588192,0.002267347740345314,0.0020102409065746872,0.0020824397603670755,0.002307551398954756,0.0019294972953900614,0.0018280202248057381,0.001961888144902193,0.0018267712957872068,0.0017848159364663837,0.0017270434423873986,0.0017176430489196151,0.0017236581917017535,0.0016937249752341725,0.001640355530006638,0.001743747929080588,0.0017052061163662562,0.0017165673967919064,0.001634842018937804,0.0015546519899628853,0.0015393757754987706,0.0015304193226366096,0.0016097862863801216,0.0014647185558178386,0.0015406711179702008,0.0016248254665260106,0.0015402081641343122,0.0014566495770313701,0.0016469407847018841,0.0014615437127853351,0.0013850917988787583,0.001353317596873299,0.001453781469923551,0.0015974178747401211,0.001407523176383451,0.0013113505120485858,0.001271956320343122,0.0013732210290236552,0.0013446506173884283,0.0013063197008899002,0.0011804942957690506,0.0012146434008749457,0.0018831920184072901,0.0012342126154508747,0.0011930234038113245,0.0011559449380538502,0.0011083338145024138,0.0011439666436995313,0.0011343104266078093,0.001280006285899324,0.0011062476315784975,0.0011622927716520967,0.0013473976423831586,0.0012448342120061156,0.0010422892827805274,0.0009389313884445879,0.0009543436879668731,0.0011506133758630909,0.0012802853773200447,0.001132778029461376,0.0009863520743416958,0.0009264184640404956,0.0008501850394277624,0.0010892343529260876,0.0013686199494398357,0.0009026101744565808,0.0007785659263042804,0.0007679867532735313,0.0007865395335877528,0.0011064662430130068,0.001307817552584768,0.0011196460961644115,0.0008880664986339424,0.0008173286914825439,0.0006807769948993224,0.0006444134591707115,0.0006921866430285199,0.0013001737454549863,0.0008670011016189075,0.0006245068310062743,0.0005407100187136176,0.0005207699036500493,0.0005099044328993136,0.0005184690890416421,0.00044735592326831296,0.0006939425779496386,0.0021384055090080843,0.0015895456645658107,0.0008527604160738773,0.0006426997645630863,0.00048008918395785037,0.00046510680939981845,0.000417557234565417,0.00043828829186535925,0.0005995386936625496,0.0009395786932583064,0.000587312911784714,0.0003337798324601898,0.00035262216757881186,0.000566540713437268,0.0005267109681185478,0.00032168318380097874,0.0002625874381084911,0.0002627837385147647,0.0002489005892328877,0.00023438940791647292,0.0002901762408392677,0.0006149539042040299,0.0011796633117511625,0.001057844731162806,0.00031053382760840037,0.00024097078973478307,0.00023435306597928532,0.0002504139578814715,0.00021044858044288198,0.00016031578651380017,0.00014864598894542684,0.0001766084505072057,0.00018248301956171547,0.0001725225271708001,0.00016824018637664982,0.00013894720074257563,0.00014631342030858082,0.00011018421399137361,0.00012952223918884177,0.00011127838315289529,9.874081432493658e-05,0.00011012187899380434,8.882089808094696e-05,0.00010461142653080284,0.00010437627775910122,9.73679812350234e-05,0.000124378409745589,9.446071786551528e-05,9.03043906138243e-05,8.237268775701523e-05,8.602894822267887e-05,6.786947357442861e-05,8.739155330415307e-05,6.530445725580708e-05,6.730906039354255e-05,6.450679219363492e-05,4.600359717272018e-05,6.555364329795368e-05,6.230998290651809e-05,5.913000614916692e-05,5.728121633168127e-05,5.001338870554674e-05,5.478561535233357e-05,5.348827409980401e-05,4.778257469376905e-05,4.732781700545647e-05,5.049774578462044e-05,6.631063042931218e-05,6.542893004466275e-05,4.466441510845729e-05,4.504656653260924e-05,4.796337214161138e-05,5.288962580141474e-05,5.032734746937869e-05,5.498867039187033e-05,4.6431368135445105e-05,3.675438713058422e-05,4.1519771991653844e-05,4.017165648277666e-05,3.861722439690366e-05,3.440828696198639e-05,3.319699762521383e-05,4.021713034316002e-05,3.735688031534028e-05,3.893005208728092e-05,2.669959769283976e-05,3.167195945387818e-05,4.189926431173347e-05,3.243818029232038e-05,3.104121933177195e-05,2.6831137464264704e-05,3.0380000024423247e-05,2.856923157827613e-05,4.263597100342069e-05,2.9739953038063856e-05,2.6689019802286e-05,2.7029540343973482e-05,4.935380112115151e-05,4.491513617886383e-05,2.7591346055676377e-05,2.6090326973445755e-05,2.2848524137964993e-05,2.2332334784088566e-05,2.4346120100814463e-05,1.783411259014831e-05,2.9067311033891525e-05,3.118515510844891e-05,2.0212026903293824e-05,2.5662970143914875e-05,3.0479186514769094e-05,1.8017578048153164e-05,2.3895150681581003e-05,2.145044927999296e-05,1.758168982036534e-05,3.422003607087529e-05,2.070997054103375e-05,2.0834429652679487e-05,1.4473640555872128e-05,1.941920039269442e-05,1.9651018286663327e-05,1.5246658649580563e-05,1.9777764673115776e-05,1.4472766168659828e-05,1.789463106339258e-05,1.6210590237293576e-05,1.7099788595662743e-05,1.4556526674639657e-05,1.8250137374130754e-05,1.396953294949372e-05,1.3986682580387006e-05,1.5040020817188454e-05,2.5253319893989082e-05,3.4076639430729744e-05,1.907122608966352e-05,1.2094907200503382e-05,1.669891847837004e-05,1.714306710481318e-05,1.2992023073055379e-05,1.079010137209231e-05,1.1139454846804748e-05,2.031760796639926e-05,1.766562304088001e-05,1.4703774880719641e-05,1.1777296303542423e-05,1.187565389135089e-05,1.1005888621785927e-05,1.2671326851991356e-05,1.253338932706033e-05,1.03642261342802e-05,1.2274605382355998e-05,1.863706373492551e-05,1.107842586374755e-05,1.1236774557030917e-05,1.0981452854889664e-05,1.56299487809788e-05,1.4152334585704438e-05,1.377346123889333e-05,9.801896235554434e-06,1.1385354223594965e-05,8.734975097945235e-06,8.35896124223583e-06,8.594972155275728e-06,1.0552672641300928e-05,9.335009088546364e-06,1.1550593049942308e-05,9.784202697009988e-06,1.1247295830297014e-05,1.0928640535223435e-05,1.1523557658933225e-05,9.67634771823313e-06,1.3043570727914002e-05,1.1580608641382693e-05,1.3046250347801244e-05,8.40680205512568e-06,6.2670311865096535e-06,7.410030373082053e-06,8.840431634825272e-06,1.2154366962275788e-05,7.9066699047578e-06,6.660630117307921e-06,6.379008571785249e-06,9.383410189931836e-06,6.437160967228313e-06,1.6713279866883175e-05,8.328077147964165e-06,5.450610852612009e-06,5.4454464335605255e-06,8.87265068840215e-06,8.012103222188403e-06,8.695281926247347e-06,9.703552961105205e-06,6.797087958968077e-06,8.882664314527166e-06,7.224298633197373e-06,1.1995828219389166e-05,6.771978669000861e-06,6.381372104989253e-06,1.0096308357932202e-05,9.130458939118219e-06,6.188729318632372e-06,6.477253243093038e-06,5.145285429962264e-06,7.030992899751647e-06,1.9492468252126637e-05,1.791289013866437e-05,9.109438180699538e-06,1.1460326963150111e-05,8.149430361866462e-06,1.3095862041303858e-05,7.920174400164375e-06
test_acc
0.375,0.782608695652174,0.7989130434782609,0.6304347826086957,0.8260869565217391,0.8206521739130435,0.7934782608695652,0.6902173913043478,0.842391304347826,0.8315217391304348,0.8315217391304348,0.8369565217391305,0.8369565217391305,0.8532608695652174,0.8586956521739131,0.8532608695652174,0.8586956521739131,0.8478260869565217,0.8260869565217391,0.8478260869565217,0.842391304347826,0.842391304347826,0.8641304347826086,0.8586956521739131,0.8315217391304348,0.8152173913043478,0.8369565217391305,0.8478260869565217,0.8478260869565217,0.8478260869565217,0.8532608695652174,0.8369565217391305,0.8369565217391305,0.8478260869565217,0.8641304347826086,0.8532608695652174,0.7880434782608695,0.8152173913043478,0.8478260869565217,0.8369565217391305,0.842391304347826,0.875,0.8641304347826086,0.8478260869565217,0.842391304347826,0.8043478260869565,0.8315217391304348,0.8532608695652174,0.8586956521739131,0.8641304347826086,0.8532608695652174,0.8532608695652174,0.8532608695652174,0.842391304347826,0.8478260869565217,0.7880434782608695,0.842391304347826,0.8478260869565217,0.8478260869565217,0.842391304347826,0.8478260869565217,0.8043478260869565,0.8315217391304348,0.8206521739130435,0.842391304347826,0.8478260869565217,0.8478260869565217,0.782608695652174,0.8586956521739131,0.8695652173913043,0.8532608695652174,0.842391304347826,0.8478260869565217,0.7554347826086957,0.7934782608695652,0.8043478260869565,0.8532608695652174,0.8315217391304348,0.8315217391304348,0.8532608695652174,0.7934782608695652,0.8097826086956522,0.8532608695652174,0.8532608695652174,0.8532608695652174,0.8369565217391305,0.842391304347826,0.8532608695652174,0.8315217391304348,0.7282608695652174,0.7391304347826086,0.8586956521739131,0.8206521739130435,0.8586956521739131,0.8586956521739131,0.8315217391304348,0.8315217391304348,0.8152173913043478,0.7934782608695652,0.842391304347826,0.8369565217391305,0.8315217391304348,0.8206521739130435,0.8260869565217391,0.8369565217391305,0.8478260869565217,0.8532608695652174,0.8315217391304348,0.8369565217391305,0.8369565217391305,0.8152173913043478,0.7228260869565217,0.7934782608695652,0.8369565217391305,0.8478260869565217,0.842391304347826,0.8369565217391305,0.8478260869565217,0.8369565217391305,0.842391304347826,0.8478260869565217,0.8260869565217391,0.8260869565217391,0.8315217391304348,0.8152173913043478,0.8532608695652174,0.842391304347826,0.8260869565217391,0.8369565217391305,0.842391304347826,0.8478260869565217,0.8315217391304348,0.8152173913043478,0.8315217391304348,0.8478260869565217,0.842391304347826,0.8478260869565217,0.842391304347826,0.8478260869565217,0.8478260869565217,0.8478260869565217,0.8478260869565217,0.8478260869565217,0.8478260869565217,0.8369565217391305,0.8206521739130435,0.842391304347826,0.8315217391304348,0.8369565217391305,0.842391304347826,0.8260869565217391,0.842391304347826,0.8315217391304348,0.842391304347826,0.842391304347826,0.842391304347826,0.8478260869565217,0.8260869565217391,0.8260869565217391,0.8369565217391305,0.8369565217391305,0.8478260869565217,0.8369565217391305,0.8478260869565217,0.8315217391304348,0.8532608695652174,0.8260869565217391,0.8369565217391305,0.8260869565217391,0.8369565217391305,0.8478260869565217,0.842391304347826,0.8586956521739131,0.8478260869565217,0.8260869565217391,0.8369565217391305,0.8315217391304348,0.8369565217391305,0.8206521739130435,0.8478260869565217,0.8532608695652174,0.8586956521739131,0.842391304347826,0.842391304347826,0.8586956521739131,0.8260869565217391,0.8260869565217391,0.8315217391304348,0.8260869565217391,0.8315217391304348,0.8695652173913043,0.8369565217391305,0.8369565217391305,0.8532608695652174,0.8369565217391305,0.8260869565217391,0.8586956521739131,0.8369565217391305,0.8586956521739131,0.8532608695652174,0.8315217391304348,0.842391304347826,0.8315217391304348,0.8315217391304348,0.8206521739130435,0.8641304347826086,0.8369565217391305,0.8532608695652174,0.8369565217391305,0.842391304347826,0.8206521739130435,0.8369565217391305,0.8586956521739131,0.8532608695652174,0.842391304347826,0.8206521739130435,0.8369565217391305,0.8260869565217391,0.8369565217391305,0.8532608695652174,0.8260869565217391,0.8206521739130435,0.8478260869565217,0.842391304347826,0.842391304347826,0.8478260869565217,0.8369565217391305,0.8206521739130435,0.8206521739130435,0.8369565217391305,0.8315217391304348,0.8315217391304348,0.8586956521739131,0.842391304347826,0.8478260869565217,0.8315217391304348,0.842391304347826,0.842391304347826,0.8315217391304348,0.842391304347826,0.8586956521739131,0.8478260869565217,0.842391304347826,0.8532608695652174,0.8478260869565217,0.8260869565217391,0.8152173913043478,0.8478260869565217,0.8315217391304348,0.8369565217391305,0.8315217391304348,0.8369565217391305,0.842391304347826,0.8315217391304348,0.8478260869565217,0.8532608695652174,0.8532608695652174,0.8260869565217391,0.8315217391304348,0.8260869565217391,0.8586956521739131,0.8478260869565217,0.8315217391304348,0.8478260869565217,0.8315217391304348,0.8532608695652174,0.8152173913043478,0.8478260869565217,0.8315217391304348,0.842391304347826,0.842391304347826,0.8369565217391305,0.8478260869565217,0.8369565217391305,0.8478260869565217,0.8369565217391305,0.8260869565217391,0.8586956521739131,0.8586956521739131,0.8315217391304348,0.8315217391304348,0.8532608695652174,0.8152173913043478,0.842391304347826,0.8369565217391305,0.8369565217391305,0.8586956521739131,0.8315217391304348,0.8586956521739131,0.8532608695652174,0.8369565217391305,0.8315217391304348,0.8260869565217391,0.8206521739130435,0.8478260869565217,0.8315217391304348,0.8315217391304348,0.842391304347826,0.842391304347826,0.8532608695652174
test_loss
0.005351420006026392,0.0034638377635375314,0.0032217551184737163,0.0033037811517715454,0.0029582685750463734,0.002489183098077774,0.002487279798673547,0.0031082358049309773,0.0023410399646862693,0.002220346713843553,0.0021977870036726413,0.0021675608080366383,0.0021350459884042325,0.0020475024762360945,0.001967320785574291,0.0020438137909640436,0.002083769635013912,0.002042803589416587,0.002192191455675208,0.0019938127826089444,0.0021946609992048016,0.0021070275941620703,0.0019858573441920075,0.001957655114972073,0.0020000767772612366,0.002221735275310019,0.002021984075722487,0.001963837153237799,0.0019027859620426011,0.002046415339345517,0.0019087767147499583,0.0019651852224184117,0.00213093132428501,0.0018875310602395432,0.0019395208877065907,0.0019247326190057008,0.002319556539473326,0.0022356989591018014,0.001808534983707511,0.001967859332976134,0.0019353911604570305,0.001822157884421556,0.0019740561104339104,0.0018451494043288023,0.0019561016689176145,0.0025798242701136546,0.0019157012195690818,0.0019115037892175758,0.0017898372657921004,0.0019007905021957729,0.0019169971346855164,0.0018810522945030875,0.002226256481979204,0.0019053873484549315,0.002041230383126632,0.0023014854801737743,0.0019211456503557122,0.0019136121415573618,0.0019443783423174982,0.0018770160234492757,0.0018484764125036156,0.0023270016131193743,0.0022787621811680174,0.0020647191483041515,0.002077161455931871,0.0019073410202627597,0.0021665927184664683,0.002599554541318313,0.0019973952161229176,0.0018122338730355968,0.001990795135498047,0.0020489474029644675,0.002072937300671702,0.0028584576819254003,0.002325523482716602,0.0022105721999769626,0.002220006254704102,0.0019122671497904737,0.0020929626796556554,0.002102444677249245,0.0025114046166772428,0.002324355523223462,0.002077807712814082,0.0021077757296354875,0.0020110428981159043,0.0019526867114979289,0.0022134512015011,0.0022219004838362985,0.002284978880830433,0.004665018747682157,0.0030558821947678275,0.001689517951529959,0.0018652978798617487,0.002119327530912731,0.002034917149854743,0.0023646811428277388,0.0024311276881591134,0.002610720208157664,0.0026930701797423157,0.002682896735875503,0.0022407489950242248,0.002198112075743468,0.0024459844698076663,0.002796251812706823,0.00244018937582555,0.002340558754361194,0.002456063809602157,0.0025516239845234413,0.002610031353390735,0.0025130226884199224,0.0032173210512036862,0.0033700783615526948,0.003210622655308765,0.002086508695198142,0.0019993965068589086,0.002432557065849719,0.0024499753895013228,0.0025997945795888486,0.0027099313295405845,0.0029047604488289876,0.0026282533679319463,0.003018010569655377,0.0029394348030504975,0.002868089662945789,0.0028800643656564794,0.0024835394452447476,0.0028905761630638785,0.0030696317553520203,0.0029563421140546384,0.0028099919790806976,0.003046125821445299,0.002844446379205455,0.0032729966484982033,0.0031296173515527144,0.0029504856337671695,0.002917595855567766,0.002819600636544435,0.002578832533048547,0.0026497593068558235,0.0026235182000243144,0.0029195913154145946,0.0030758792291516843,0.003144740410473036,0.0030495621587919154,0.003297059108381686,0.0033963811786278434,0.003496777428233105,0.0033551525810490484,0.0035714510342349176,0.0034608802069788394,0.003691612702348958,0.0033718295719312587,0.00342394541139188,0.0031424255474754,0.003666867380556853,0.0031157916654711184,0.0031420410327289414,0.003678436188594155,0.0034459482716477437,0.0036579700915709786,0.0033329790053160295,0.0032525687761928725,0.0034712970904681993,0.003135858022648355,0.003779546074245287,0.00368021072252937,0.0031550970414410467,0.003700378796328669,0.003534025472143422,0.004074508729188338,0.003535758218039637,0.0038052227186120076,0.0033816296769225078,0.003544281358304231,0.003695052279078442,0.0038803339652393174,0.003783671752266262,0.0033045634627342224,0.004407008380993553,0.003967634361723195,0.004172082504500513,0.0038669556379318237,0.003413358460301938,0.0036777675799701524,0.003603890862153924,0.0036155659219493036,0.0036108960276064667,0.004176287223463473,0.004043673367603966,0.003591534884079643,0.003489437634530275,0.004253047963847284,0.003490239381790161,0.0037363084114116173,0.00431865226963292,0.003974489219810652,0.003543446245400802,0.004456364590188731,0.003675470857516579,0.0042922383417253905,0.0038131996989250183,0.0039038748844810152,0.0040774601309195805,0.004082310782826465,0.004663863907689633,0.003582103420858798,0.004167183585788893,0.004562131736589515,0.00454505856918252,0.0038079327863195667,0.004518022679764292,0.003928650656472082,0.004026421386262645,0.004003959181516067,0.004304948384347169,0.004334592948789182,0.0035832245712694917,0.004478507715722789,0.004682636779287587,0.0039850619176159735,0.004147028469521067,0.004151679575443268,0.00357736938673517,0.003953059730322465,0.004319848573726156,0.003566555678844452,0.004134740194548731,0.004496834848238074,0.0045284220705861635,0.004140129555826602,0.004436327063519022,0.003973811216976332,0.0038158527534940968,0.00418296261974003,0.0047127487866774845,0.004734141023262688,0.004016729152720907,0.004657347889050194,0.005009746745876644,0.0044384708871012145,0.00398802206568096,0.0037279274800549383,0.004857784380083499,0.003958149448685024,0.004634792714015297,0.004677630960941315,0.004644477820914724,0.004024942931921586,0.004325558957846269,0.004195335766543512,0.004785369919693988,0.004582255430843519,0.004127539046432661,0.004424619285956673,0.004292036852110987,0.004423479347125343,0.004562388295712678,0.004337547265965006,0.004819783827532892,0.004336655139923096,0.004118045387060746,0.003975334698739259,0.004346411189307337,0.004207283582376397,0.005169063482595527,0.004087331826272218,0.004870978062567504,0.0041741395126218385,0.0046336132547129755,0.005064172265322312,0.004124732769053915,0.004876884429351143,0.004707815854445747,0.004712728054627129,0.00472260752449865,0.004534201777499655,0.004826073089371557,0.004245079405929731,0.004469878323700117,0.004909986711066702,0.0045673500584519425,0.0047910446706025496,0.005307573339213495,0.0052903547235157175,0.0044398988070695295,0.004577029982338781,0.004344070411246756,0.004845643497031668,0.003947660003019416,0.004604225573332414,0.005149863336397254,0.00475011118080305,0.0044163089731465216,0.004889352490072665,0.004755439641682998,0.004732810608718706,0.004534113018409065,0.004828708003396573,0.004807370512381844,0.004579624404077945
